Station,year,annual_entry_exit
Acton Town,2017,6040516
Aldgate,2017,8846940
Aldgate East,2017,13998292
Alperton,2017,3052230
Amersham,2017,2321692
Angel,2017,19198892
Archway,2017,9276684
Arnos Grove,2017,4612740
Arsenal,2017,2822292
Baker Street,2017,28784591
Balham,2017,14309410
Bank & Monument,2017,61796153
Barbican,2017,11827212
Barking,2017,18197474
Barkingside,2017,1620023
Barons Court,2017,7119692
Bayswater,2017,4714236
Becontree,2017,3637924
Belsize Park,2017,6238483
Bermondsey,2017,10641495
Bethnal Green,2017,15573304
Blackfriars,2017,14825714
Blackhorse Road,2017,8999728
Bond Street,2017,38802673
Borough,2017,5871328
Boston Manor,2017,2285827
Bounds Green,2017,6390179
Bow Road,2017,5657512
Brent Cross,2017,2524773
Brixton,2017,32841962
Bromley-by-Bow,2017,3750698
Buckhurst Hill,2017,2304550
Burnt Oak,2017,4488063
Caledonian Road,2017,5722818
Camden Town,2017,22505675
Canada Water,2017,15101314
Canary Wharf,2017,50913578
Canning Town,2017,13280181
Cannon Street,2017,9388205
Canons Park,2017,3074005
Chalfont & Latimer,2017,1667683
Chalk Farm,2017,5891708
Chancery Lane,2017,17481342
Charing Cross,2017,19465727
Chesham,2017,1133596
Chigwell,2017,498916
Chiswick Park,2017,2246490
Chorleywood,2017,750026
Clapham Common,2017,10485149
Clapham North,2017,6860362
Clapham South,2017,8647690
Cockfosters,2017,1934185
Colindale,2017,7140161
Colliers Wood,2017,6697001
Covent Garden,2017,17540949
Croxley,2017,1129125
Dagenham East,2017,2996749
Dagenham Heathway,2017,6079088
Debden,2017,2466210
Dollis Hill,2017,4257616
Ealing Broadway,2017,16794723
Ealing Common,2017,3193655
Earl's Court,2017,19990972
East Acton,2017,4079654
East Finchley,2017,7312275
East Ham,2017,14695682
East Putney,2017,6183244
Eastcote,2017,3007893
Edgware,2017,5282356
Edgware Road (Bak),2017,4623646
Edgware Road (Cir),2017,7148956
Elephant & Castle,2017,22102168
Elm Park,2017,3275938
Embankment,2017,22130101
Epping,2017,3973043
Euston,2017,43073653
Euston Square,2017,14127298
Fairlop,2017,1240554
Farringdon,2017,20136285
Finchley Central,2017,7200996
Finchley Road,2017,9627914
Finsbury Park,2017,31224849
Fulham Broadway,2017,9630340
Gants Hill,2017,6831034
Gloucester Road,2017,13836495
Golders Green,2017,8410556
Goldhawk Road,2017,2140068
Goodge Street,2017,7524287
Grange Hill,2017,669495
Great Portland Street,2017,8081276
Green Park,2017,39338161
Greenford,2017,4680897
Gunnersbury,2017,5705314
Hainault,2017,3803823
Hammersmith (Dis),2017,29305709
Hammersmith (H&C),2017,10847256
Hampstead,2017,4833471
Hanger Lane,2017,3892732
Harlesden,2017,3203123
Harrow & Wealdstone,2017,4833762
Harrow-on-the-Hill,2017,10964049
Hatton Cross,2017,3207508
Heathrow Terminal 4,2017,2289531
Heathrow Terminal 5,2017,4534733
Heathrow Terminals 123,2017,7813005
Hendon Central,2017,7804221
High Barnet,2017,4263940
High Street Kensington,2017,12762568
Highbury & Islington,2017,20091820
Highgate,2017,5873629
Hillingdon,2017,1812920
Holborn,2017,32538456
Holland Park,2017,3633574
Holloway Road,2017,6786382
Hornchurch,2017,2240897
Hounslow Central,2017,3947268
Hounslow East,2017,4044930
Hounslow West,2017,3521328
Hyde Park Corner,2017,5538477
Ickenham,2017,1174767
Kennington,2017,5579359
Kensal Green,2017,2694458
Kensington (Olympia),2017,2013231
Kentish Town,2017,8350575
Kenton,2017,2069780
Kew Gardens,2017,4372539
Kilburn,2017,8622103
Kilburn Park,2017,3366554
King's Cross St. Pancras,2017,97918279
Kingsbury,2017,5222483
Knightsbridge,2017,17207249
Ladbroke Grove,2017,5954918
Lambeth North,2017,3532790
Lancaster Gate,2017,6243768
Latimer Road,2017,2461652
Leicester Square,2017,36730405
Leyton,2017,13470556
Leytonstone,2017,10995907
Liverpool Street,2017,67740193
London Bridge,2017,69050668
Loughton,2017,3583861
Maida Vale,2017,3286879
Manor House,2017,8688099
Mansion House,2017,6405554
Marble Arch,2017,14001823
Marylebone,2017,13698392
Mile End,2017,15749656
Mill Hill East,2017,1384549
Moor Park,2017,937946
Moorgate,2017,26869763
Morden,2017,10408689
Mornington Crescent,2017,5083032
Neasden,2017,3843843
Newbury Park,2017,5526725
North Acton,2017,6788624
North Ealing,2017,827387
North Greenwich,2017,28148668
North Harrow,2017,1922309
North Wembley,2017,1774038
Northfields,2017,3988218
Northolt,2017,5180144
Northwick Park,2017,4523410
Northwood,2017,3037028
Northwood Hills,2017,2013001
Notting Hill Gate,2017,16342143
Oakwood,2017,2890857
Old Street,2017,26382078
Osterley,2017,2191283
Oval,2017,7356993
Oxford Circus,2017,84090585
Paddington,2017,48822510
Park Royal,2017,2024318
Parsons Green,2017,6760726
Perivale,2017,2511378
Piccadilly Circus,2017,40820299
Pimlico,2017,10971039
Pinner,2017,3425318
Plaistow,2017,6128691
Preston Road,2017,3627298
Putney Bridge,2017,5384507
Queen's Park,2017,5650175
Queensbury,2017,4645218
Queensway,2017,8523970
Ravenscourt Park,2017,3212253
Rayners Lane,2017,4324060
Redbridge,2017,2942241
Regent's Park,2017,3611762
Richmond,2017,8330548
Rickmansworth,2017,2707446
Roding Valley,2017,368413
Royal Oak,2017,2618054
Ruislip,2017,1986527
Ruislip Gardens,2017,1160819
Ruislip Manor,2017,2038493
Russell Square,2017,11449159
Seven Sisters,2017,18328023
Shepherd's Bush (Cen),2017,22617667
Shepherd's Bush (H&C),2017,3726903
Sloane Square,2017,17229373
Snaresbrook,2017,2926192
South Ealing,2017,3664179
South Harrow,2017,2218089
South Kensington,2017,33860299
South Kenton,2017,1205537
South Ruislip,2017,2024672
South Wimbledon,2017,4872696
South Woodford,2017,5278035
Southfields,2017,6033479
Southgate,2017,5588195
Southwark,2017,16706959
St. James's Park,2017,14289988
St. John's Wood,2017,7794856
St. Paul's,2017,17204583
Stamford Brook,2017,2691476
Stanmore,2017,3917004
Stepney Green,2017,6341140
Stockwell,2017,11697143
Stonebridge Park,2017,2535832
Stratford,2017,61990418
Sudbury Hill,2017,1883774
Sudbury Town,2017,1808387
Swiss Cottage,2017,7759319
Temple,2017,8946533
Theydon Bois,2017,953663
Tooting Bec,2017,8071822
Tooting Broadway,2017,16207071
Tottenham Court Road,2017,41334148
Tottenham Hale,2017,12470088
Totteridge & Whetstone,2017,2537890
Tower Hill,2017,21032731
Tufnell Park,2017,4112231
Turnham Green,2017,6155229
Turnpike Lane,2017,10738451
Upminster,2017,5519060
Upminster Bridge,2017,1145380
Upney,2017,2698064
Upton Park,2017,9593829
Uxbridge,2017,8383423
Vauxhall,2017,30833904
Victoria,2017,79359340
Walthamstow Central,2017,9594531
Wanstead,2017,2953396
Warren Street,2017,20110864
Warwick Avenue,2017,4268538
Waterloo,2017,91270641
Watford,2017,1858452
Wembley Central,2017,5927183
Wembley Park,2017,16583596
West Acton,2017,1717498
West Brompton,2017,5877152
West Finchley,2017,1685284
West Ham,2017,4407093
West Hampstead,2017,11798391
West Harrow,2017,1527550
West Kensington,2017,5232614
West Ruislip,2017,1718555
Westbourne Park,2017,4133956
Westminster,2017,25595405
White City,2017,8836322
Whitechapel,2017,13803686
Willesden Green,2017,8799173
Willesden Junction,2017,4680628
Wimbledon,2017,12613787
Wimbledon Park,2017,2184663
Wood Green,2017,12889415
Wood Lane,2017,3995888
Woodford,2017,5978701
Woodside Park,2017,3543131
Acton Town                         ,2016,6274649
Barbican                           ,2016,11973122
Aldgate                            ,2016,8009494
Aldgate East                       ,2016,13434630
Alperton                           ,2016,3174845
Amersham                           ,2016,2360700
Angel                              ,2016,20100806
Archway                            ,2016,9940993
Arnos Grove                        ,2016,4645869
Arsenal                            ,2016,3012524
Baker Street                       ,2016,29754860
Balham                             ,2016,14637993
Bond Street                        ,2016,39528650
Barking                            ,2016,15860320
Barkingside                        ,2016,1633262
Barons Court                       ,2016,7207423
Bayswater                          ,2016,4756028
Becontree                          ,2016,3545530
Belsize Park                       ,2016,6482865
Bethnal Green                      ,2016,16272340
Blackfriars                        ,2016,15449362
Blackhorse Road                    ,2016,8452553
Bank & Monument                    ,2016,64262200
Borough                            ,2016,5873875
Boston Manor                       ,2016,2322687
Bounds Green                       ,2016,6615420
Bow Road                           ,2016,5645547
Brent Cross                        ,2016,2493412
Bromley-by-Bow                     ,2016,3789045
Buckhurst Hill                     ,2016,2188937
Burnt Oak                          ,2016,4519973
Caledonian Road                    ,2016,5725549
Camden Town                        ,2016,22884901
Cannon Street                      ,2016,8983249
Canons Park                        ,2016,2925484
Chalfont & Latimer                 ,2016,1488465
Chalk Farm                         ,2016,5608603
Chancery Lane                      ,2016,18189655
Embankment                         ,2016,26844711
Chesham                            ,2016,1069954
Chigwell                           ,2016,531799
Chiswick Park                      ,2016,2292764
Chorleywood                        ,2016,1070254
Clapham Common                     ,2016,10043328
Clapham North                      ,2016,6903645
Clapham South                      ,2016,8797066
Cockfosters                        ,2016,2040080
Colindale                          ,2016,6227278
Colliers Wood                      ,2016,6715162
Covent Garden                      ,2016,17188811
Croxley                            ,2016,1078029
Dagenham East                      ,2016,2976440
Dagenham Heathway                  ,2016,6043690
Debden                             ,2016,2469953
Dollis Hill                        ,2016,4180094
Ealing Broadway                    ,2016,18604788
Ealing Common                      ,2016,3177674
Earl's Court                       ,2016,19998114
East Acton                         ,2016,4122793
Eastcote                           ,2016,2943186
East Finchley                      ,2016,7470306
East Ham                           ,2016,14746847
East Putney                        ,2016,6369310
Edgware                            ,2016,5188838
Edgware Road (Cir)                 ,2016,6963367
Elephant & Castle                  ,2016,23295457
Elm Park                           ,2016,3096321
Epping                             ,2016,3770408
Euston                             ,2016,43099154
Euston Square                      ,2016,14395409
Fairlop                            ,2016,1197309
Farringdon                         ,2016,15874802
Finchley Central                   ,2016,6949909
Finchley Road                      ,2016,9998400
Finsbury Park                      ,2016,32738968
Fulham Broadway                    ,2016,10153787
Gants Hill                         ,2016,7143148
Gloucester Road                    ,2016,13975040
Golders Green                      ,2016,8511338
Goldhawk Road                      ,2016,2123640
Goodge Street                      ,2016,8463593
Grange Hill                        ,2016,663262
Great Portland Street              ,2016,8657946
Greenford                          ,2016,4806850
Green Park                         ,2016,41241175
Gunnersbury                        ,2016,5784841
Hainault                           ,2016,3738019
Hammersmith (Dis)                  ,2016,29417701
Hampstead                          ,2016,4637096
Hanger Lane                        ,2016,4095538
Harlesden                          ,2016,3099292
Harrow & Wealdstone                ,2016,4963518
Harrow-on-the-Hill                 ,2016,10665325
Wood Lane                          ,2016,3678778
Hendon Central                     ,2016,8130263
High Barnet                        ,2016,3647152
Highbury & Islington               ,2016,20222247
Highgate                           ,2016,5769258
High Street Kensington             ,2016,13103200
Hillingdon                         ,2016,1772004
Holborn                            ,2016,33956572
Holland Park                       ,2016,3225381
Holloway Road                      ,2016,6719981
Hornchurch                         ,2016,2108498
Hounslow Central                   ,2016,3825932
Hounslow East                      ,2016,3870493
Hounslow West                      ,2016,3545471
Hyde Park Corner                   ,2016,6310733
Ickenham                           ,2016,1166906
Kennington                         ,2016,5592864
Kensal Green                       ,2016,2724536
Kensington (Olympia)               ,2016,2047039
Southwark                          ,2016,17861867
Kenton                             ,2016,2078584
Kew Gardens                        ,2016,4176827
Kilburn                            ,2016,8582187
Kilburn Park                       ,2016,3428178
Kingsbury                          ,2016,5122530
King's Cross St. Pancras           ,2016,95030793
Knightsbridge                      ,2016,19086044
Ladbroke Grove                     ,2016,5801892
Lambeth North                      ,2016,0
Lancaster Gate                     ,2016,7060983
Latimer Road                       ,2016,2627529
Leicester Square                   ,2016,37843681
Leyton                             ,2016,14331098
Leytonstone                        ,2016,11300919
Liverpool Street                   ,2016,71614231
Waterloo                           ,2016,100362256
Loughton                           ,2016,3448907
Maida Vale                         ,2016,3409091
Manor House                        ,2016,9122653
Mansion House                      ,2016,6136459
Marble Arch                        ,2016,14108617
Marylebone                         ,2016,12948293
Mile End                           ,2016,15746922
Mill Hill East                     ,2016,1340993
Moorgate                           ,2016,27565959
Moor Park                          ,2016,914852
Morden                             ,2016,10056185
Mornington Crescent                ,2016,5039573
Neasden                            ,2016,3749439
Newbury Park                       ,2016,5429546
North Acton                        ,2016,6530887
North Ealing                       ,2016,905402
Northfields                        ,2016,3913283
North Harrow                       ,2016,1968198
Northolt                           ,2016,5157171
North Wembley                      ,2016,1791287
Northwick Park                     ,2016,4651799
Northwood                          ,2016,2488831
Northwood Hills                    ,2016,1910904
Notting Hill Gate                  ,2016,17184657
Oakwood                            ,2016,2875067
Old Street                         ,2016,25966550
Osterley                           ,2016,2315575
Oval                               ,2016,6447853
Kentish Town                       ,2016,8358081
Paddington                         ,2016,49480436
Park Royal                         ,2016,2015314
Parsons Green                      ,2016,6746851
Perivale                           ,2016,2460144
Piccadilly Circus                  ,2016,41291525
Pinner                             ,2016,3198703
Plaistow                           ,2016,5490616
Preston Road                       ,2016,3308379
Putney Bridge                      ,2016,5416663
Queensbury                         ,2016,4675024
Queen's Park                       ,2016,5636721
Queensway                          ,2016,8707156
Ravenscourt Park                   ,2016,3178278
Rayners Lane                       ,2016,4460978
Redbridge                          ,2016,3054243
Regent's Park                      ,2016,3346006
Richmond                           ,2016,8112159
Rickmansworth                      ,2016,2455761
Roding Valley                      ,2016,367335
Royal Oak                          ,2016,2545583
Ruislip                            ,2016,1948970
Ruislip Gardens                    ,2016,1072221
Ruislip Manor                      ,2016,1993852
Russell Square                     ,2016,12345236
St. James's Park                   ,2016,14934536
St. John's Wood                    ,2016,7791962
St. Paul's                         ,2016,18422362
Seven Sisters                      ,2016,18605749
Shepherd's Bush (Cen)              ,2016,22848359
Sloane Square                      ,2016,17147936
Snaresbrook                        ,2016,2694225
South Ealing                       ,2016,3617189
Southfields                        ,2016,6275587
Southgate                          ,2016,5647834
South Harrow                       ,2016,2484237
South Kensington                   ,2016,33603151
South Kenton                       ,2016,1170483
South Ruislip                      ,2016,1758094
South Wimbledon                    ,2016,4759428
South Woodford                     ,2016,5247294
Stamford Brook                     ,2016,2700007
Stanmore                           ,2016,4040589
Stepney Green                      ,2016,6411775
Stockwell                          ,2016,11423478
Stonebridge Park                   ,2016,2530036
Charing Cross                      ,2016,8126588
Stratford                          ,2016,67047270
Sudbury Hill                       ,2016,1976543
Sudbury Town                       ,2016,1996547
Swiss Cottage                      ,2016,7578603
Temple                             ,2016,8223970
Theydon Bois                       ,2016,850065
Tooting Bec                        ,2016,7922887
Tooting Broadway                   ,2016,15922071
London Bridge                      ,2016,70735683
Tottenham Hale                     ,2016,13213806
Totteridge & Whetstone             ,2016,2232086
Victoria                           ,2016,83501204
Tufnell Park                       ,2016,3707186
Turnham Green                      ,2016,5650263
Turnpike Lane                      ,2016,10857089
Upminster                          ,2016,5339344
Upminster Bridge                   ,2016,1159376
Upney                              ,2016,2719998
Upton Park                         ,2016,10141620
Uxbridge                           ,2016,8452417
Tower Hill                         ,2016,21834402
Walthamstow Central                ,2016,22766326
Wanstead                           ,2016,2960642
Warren Street                      ,2016,20346625
Warwick Avenue                     ,2016,4506260
Oxford Circus                      ,2016,83258977
Watford                            ,2016,1836559
Wembley Central                    ,2016,5769748
Wembley Park                       ,2016,15103629
West Acton                         ,2016,1820883
Westbourne Park                    ,2016,3978228
West Brompton                      ,2016,6098173
West Finchley                      ,2016,1665191
West Ham                           ,2016,3459634
West Hampstead                     ,2016,11039789
West Harrow                        ,2016,1489512
West Kensington                    ,2016,5060671
Westminster                        ,2016,28378426
West Ruislip                       ,2016,1666851
Whitechapel                        ,2016,14369235
White City                         ,2016,8953281
Willesden Green                    ,2016,8972604
Willesden Junction                 ,2016,4728227
Wimbledon                          ,2016,13395119
Wimbledon Park                     ,2016,1893927
Woodford                           ,2016,5692577
Wood Green                         ,2016,13204130
Woodside Park                      ,2016,2869951
Hammersmith (H&C)                  ,2016,10567650
Edgware Road (Bak)                 ,2016,5006662
Shepherd's Bush (H&C)              ,2016,3569302
Pimlico                            ,2016,11485039
Vauxhall                           ,2016,32234468
Brixton                            ,2016,33460967
Hatton Cross                       ,2016,3248674
Heathrow Terminals 123             ,2016,7731054
Heathrow Terminal 4                ,2016,2278746
Heathrow Terminal 5                ,2016,4452155
Tottenham Court Road               ,2016,39346254
Bermondsey                         ,2016,11068171
Canada Water                       ,2016,14438625
North Greenwich                    ,2016,26452132
Canary Wharf                       ,2016,54785734
Canning Town                       ,2016,11913321
Acton Town                         ,2015,6235045
Aldgate                            ,2015,7527810
Aldgate East                       ,2015,12839311
Alperton                           ,2015,3205455
Amersham                           ,2015,2287149
Angel                              ,2015,19756365
Archway                            ,2015,9794439
Arnos Grove                        ,2015,4550587
Arsenal                            ,2015,2802635
Baker Street                       ,2015,29379132
Balham                             ,2015,14178948
Bank & Monument                    ,2015,57512971
Barbican                           ,2015,11283478
Barking                            ,2015,16055212
Barkingside                        ,2015,1406286
Barons Court                       ,2015,7295186
Bayswater                          ,2015,5219590
Becontree                          ,2015,3490288
Belsize Park                       ,2015,6155599
Bermondsey                         ,2015,10163683
Bethnal Green                      ,2015,16164737
Blackfriars                        ,2015,13702647
Blackhorse Road                    ,2015,8360092
Bond Street                        ,2015,37119274
Borough                            ,2015,5358351
Boston Manor                       ,2015,2242854
Bounds Green                       ,2015,6462300
Bow Road                           ,2015,6102443
Brent Cross                        ,2015,2566618
Brixton                            ,2015,30830921
Bromley-by-Bow                     ,2015,3685840
Buckhurst Hill                     ,2015,2063838
Burnt Oak                          ,2015,4383772
Caledonian Road                    ,2015,6126683
Camden Town                        ,2015,21898497
Canada Water                       ,2015,12777430
Canary Wharf                       ,2015,54441424
Canning Town                       ,2015,10916031
Cannon Street                      ,2015,7485065
Canons Park                        ,2015,2786006
Chalfont & Latimer                 ,2015,1437534
Chalk Farm                         ,2015,5752495
Chancery Lane                      ,2015,16355373
Charing Cross                      ,2015,20690327
Chesham                            ,2015,875261
Chigwell                           ,2015,559061
Chiswick Park                      ,2015,2148469
Chorleywood                        ,2015,1137678
Clapham Common                     ,2015,10072099
Clapham North                      ,2015,7026138
Clapham South                      ,2015,8584904
Cockfosters                        ,2015,1847585
Colindale                          ,2015,5946531
Colliers Wood                      ,2015,6515664
Covent Garden                      ,2015,14669250
Croxley                            ,2015,1059406
Dagenham East                      ,2015,2858892
Dagenham Heathway                  ,2015,6065247
Debden                             ,2015,2462500
Dollis Hill                        ,2015,3085602
Ealing Broadway                    ,2015,16840132
Ealing Common                      ,2015,3516563
Earl's Court                       ,2015,20501361
East Acton                         ,2015,4009433
East Finchley                      ,2015,7342555
East Ham                           ,2015,15094316
East Putney                        ,2015,5995120
Eastcote                           ,2015,2833742
Edgware                            ,2015,4776513
Edgware Road (Bak)                 ,2015,4503184
Edgware Road (Cir)                 ,2015,7210074
Elephant & Castle                  ,2015,19088917
Elm Park                           ,2015,3004341
Embankment                         ,2015,21562479
Epping                             ,2015,3330335
Euston                             ,2015,42159332
Euston Square                      ,2015,14878866
Fairlop                            ,2015,1134269
Farringdon                         ,2015,23775738
Finchley Central                   ,2015,5779925
Finchley Road                      ,2015,9951123
Finsbury Park                      ,2015,28847088
Fulham Broadway                    ,2015,10714422
Gants Hill                         ,2015,6588251
Gloucester Road                    ,2015,14203922
Golders Green                      ,2015,8700123
Goldhawk Road                      ,2015,2088026
Goodge Street                      ,2015,8841266
Grange Hill                        ,2015,657661
Great Portland Street              ,2015,8343311
Green Park                         ,2015,39552887
Greenford                          ,2015,4716521
Gunnersbury                        ,2015,5410585
Hainault                           ,2015,3607791
Hammersmith (Dis)                  ,2015,28834401
Hammersmith (H&C)                  ,2015,10703965
Hampstead                          ,2015,4557566
Hanger Lane                        ,2015,3949461
Harlesden                          ,2015,3007807
Harrow & Wealdstone                ,2015,5002877
Harrow-on-the-Hill                 ,2015,10259516
Hatton Cross                       ,2015,3199955
Heathrow Terminal 4                ,2015,2347501
Heathrow Terminal 5                ,2015,3902026
Heathrow Terminals 123             ,2015,7489313
Hendon Central                     ,2015,7970028
High Barnet                        ,2015,3648827
High Street Kensington             ,2015,13362540
Highbury & Islington               ,2015,18443978
Highgate                           ,2015,5482772
Hillingdon                         ,2015,1856117
Holborn                            ,2015,40530196
Holland Park                       ,2015,3366174
Holloway Road                      ,2015,6728651
Hornchurch                         ,2015,2023958
Hounslow Central                   ,2015,4010773
Hounslow East                      ,2015,4515142
Hounslow West                      ,2015,3545552
Hyde Park Corner                   ,2015,7436827
Ickenham                           ,2015,1190362
Kennington                         ,2015,5529121
Kensal Green                       ,2015,2563193
Kensington (Olympia)               ,2015,2008711
Kentish Town                       ,2015,10493555
Kenton                             ,2015,2116417
Kew Gardens                        ,2015,3549683
Kilburn                            ,2015,8269438
Kilburn Park                       ,2015,3417148
King's Cross St. Pancras           ,2015,93413018
Kingsbury                          ,2015,4968747
Knightsbridge                      ,2015,20296928
Ladbroke Grove                     ,2015,5813508
Lambeth North                      ,2015,3285854
Lancaster Gate                     ,2015,6293475
Latimer Road                       ,2015,2572535
Leicester Square                   ,2015,43745951
Leyton                             ,2015,14406501
Leytonstone                        ,2015,11244737
Liverpool Street                   ,2015,73257321
London Bridge                      ,2015,71964428
Loughton                           ,2015,3272688
Maida Vale                         ,2015,3382758
Manor House                        ,2015,9275642
Mansion House                      ,2015,5561213
Marble Arch                        ,2015,15442682
Marylebone                         ,2015,12525312
Mile End                           ,2015,16310716
Mill Hill East                     ,2015,1318158
Moor Park                          ,2015,886390
Moorgate                           ,2015,26062630
Morden                             ,2015,9275569
Mornington Crescent                ,2015,4531089
Neasden                            ,2015,3672470
Newbury Park                       ,2015,4327727
North Acton                        ,2015,6106253
North Ealing                       ,2015,892594
North Greenwich                    ,2015,26377071
North Harrow                       ,2015,1937838
North Wembley                      ,2015,1836732
Northfields                        ,2015,4080122
Northolt                           ,2015,5026000
Northwick Park                     ,2015,4588128
Northwood                          ,2015,2475743
Northwood Hills                    ,2015,1720439
Notting Hill Gate                  ,2015,16683962
Oakwood                            ,2015,2842657
Old Street                         ,2015,25143510
Osterley                           ,2015,2350196
Oval                               ,2015,6968322
Oxford Circus                      ,2015,92355623
Paddington                         ,2015,49637302
Park Royal                         ,2015,2019382
Parsons Green                      ,2015,6822161
Perivale                           ,2015,2405584
Piccadilly Circus                  ,2015,42796831
Pimlico                            ,2015,11264698
Pinner                             ,2015,3084213
Plaistow                           ,2015,7063495
Preston Road                       ,2015,3427709
Putney Bridge                      ,2015,5756910
Queen's Park                       ,2015,5771615
Queensbury                         ,2015,4525278
Queensway                          ,2015,7656619
Ravenscourt Park                   ,2015,3189008
Rayners Lane                       ,2015,4512905
Redbridge                          ,2015,2934539
Regent's Park                      ,2015,3541481
Richmond                           ,2015,8661325
Rickmansworth                      ,2015,2442771
Roding Valley                      ,2015,260651
Royal Oak                          ,2015,2491199
Ruislip                            ,2015,1903105
Ruislip Gardens                    ,2015,1112623
Ruislip Manor                      ,2015,2005867
Russell Square                     ,2015,13328942
Seven Sisters                      ,2015,17522713
Shepherd's Bush (Cen)              ,2015,22257246
Shepherd's Bush (H&C)              ,2015,3412590
Sloane Square                      ,2015,17197513
Snaresbrook                        ,2015,2674477
South Ealing                       ,2015,3699819
South Harrow                       ,2015,2583973
South Kensington                   ,2015,33869744
South Kenton                       ,2015,957195
South Ruislip                      ,2015,1718085
South Wimbledon                    ,2015,4570440
South Woodford                     ,2015,5148679
Southfields                        ,2015,6173897
Southgate                          ,2015,5555527
Southwark                          ,2015,17937654
St. James's Park                   ,2015,15698186
St. John's Wood                    ,2015,7879484
St. Paul's                         ,2015,17371372
Stamford Brook                     ,2015,2695977
Stanmore                           ,2015,3973686
Stepney Green                      ,2015,5846372
Stockwell                          ,2015,11082161
Stonebridge Park                   ,2015,2674890
Stratford                          ,2015,61442630
Sudbury Hill                       ,2015,2217946
Sudbury Town                       ,2015,2179203
Swiss Cottage                      ,2015,7710830
Temple                             ,2015,8595799
Theydon Bois                       ,2015,854702
Tooting Bec                        ,2015,7933544
Tooting Broadway                   ,2015,15737978
Tottenham Court Road               ,2015,16249800
Tottenham Hale                     ,2015,11954313
Totteridge & Whetstone             ,2015,2334480
Tower Hill                         ,2015,22176713
Tufnell Park                       ,2015,0
Turnham Green                      ,2015,6445923
Turnpike Lane                      ,2015,10790301
Upminster                          ,2015,5140645
Upminster Bridge                   ,2015,1146772
Upney                              ,2015,2684747
Upton Park                         ,2015,11413623
Uxbridge                           ,2015,8341531
Vauxhall                           ,2015,26834959
Victoria                           ,2015,82885560
Walthamstow Central                ,2015,18333582
Wanstead                           ,2015,2903560
Warren Street                      ,2015,19917362
Warwick Avenue                     ,2015,4501822
Waterloo                           ,2015,95138374
Watford                            ,2015,1845823
Wembley Central                    ,2015,5789849
Wembley Park                       ,2015,14542576
West Acton                         ,2015,1736847
West Brompton                      ,2015,5168452
West Finchley                      ,2015,1613941
West Ham                           ,2015,3814553
West Hampstead                     ,2015,11160117
West Harrow                        ,2015,1329655
West Kensington                    ,2015,5321523
West Ruislip                       ,2015,1564634
Westbourne Park                    ,2015,3794960
Westminster                        ,2015,25614455
White City                         ,2015,7704418
Whitechapel                        ,2015,11702345
Willesden Green                    ,2015,8960771
Willesden Junction                 ,2015,4597796
Wimbledon                          ,2015,15631389
Wimbledon Park                     ,2015,1821025
Wood Green                         ,2015,13189190
Wood Lane                          ,2015,3698414
Woodford                           ,2015,6034086
Woodside Park                      ,2015,2816775
Acton Town,2014,6059017
Aldgate,2014,7221566
Aldgate East,2014,12248009
Alperton,2014,3171235
Amersham,2014,2439993
Angel,2014,19217171
Archway,2014,8943726
Arnos Grove,2014,4713904
Arsenal,2014,2900614
Baker Street,2014,32175422
Balham,2014,13471439
Bank & Monument,2014,52306067
Barbican,2014,11444738
Barking,2014,15592496
Barkingside,2014,1351966
Barons Court,2014,7500664
Bayswater,2014,5691226
Becontree,2014,3395647
Belsize Park,2014,5927817
Bermondsey,2014,9379438
Bethnal Green,2014,16076636
Blackfriars,2014,13142562
Blackhorse Road,2014,8633193
Bond Street,2014,19799777
Borough,2014,5309004
Boston Manor,2014,2278211
Bounds Green,2014,6564869
Bow Road,2014,5765573
Brent Cross,2014,2400107
Brixton,2014,29373458
Bromley-by-Bow,2014,3414885
Buckhurst Hill,2014,2061303
Burnt Oak,2014,4083381
Caledonian Road,2014,6003408
Camden Town,2014,23369124
Canada Water,2014,11814216
Canary Wharf,2014,51809003
Canning Town,2014,10100164
Cannon Street,2014,5299813
Canons Park,2014,2597229
Chalfont & Latimer,2014,1476940
Chalk Farm,2014,5893313
Chancery Lane,2014,16592090
Charing Cross,2014,21301822
Chesham,2014,813242
Chigwell,2014,534259
Chiswick Park,2014,2394985
Chorleywood,2014,1056777
Clapham Common,2014,8938345
Clapham North,2014,6668320
Clapham South,2014,8470361
Cockfosters,2014,1945096
Colindale,2014,5397362
Colliers Wood,2014,6312901
Covent Garden,2014,15382692
Croxley,2014,1030296
Dagenham East,2014,2662063
Dagenham Heathway,2014,5800005
Debden,2014,2476133
Dollis Hill,2014,3079019
Ealing Broadway,2014,17380138
Ealing Common,2014,3569884
Earl's Court,2014,22005021
East Acton,2014,4016859
East Finchley,2014,7323942
East Ham,2014,14816407
East Putney,2014,6140774
Eastcote,2014,2758170
Edgware,2014,4585383
Edgware Road (Bak),2014,4261079
Edgware Road (Cir),2014,7330752
Elephant & Castle,2014,18482055
Elm Park,2014,2992367
Embankment,2014,19661756
Epping,2014,3071273
Euston,2014,41331265
Euston Square,2014,14328440
Fairlop,2014,1088742
Farringdon,2014,23628728
Finchley Central,2014,5676484
Finchley Road,2014,10061287
Finsbury Park,2014,27995495
Fulham Broadway,2014,10766495
Gants Hill,2014,6560896
Gloucester Road,2014,11963929
Golders Green,2014,8250104
Goldhawk Road,2014,2095140
Goodge Street,2014,8378694
Grange Hill,2014,600016
Great Portland Street,2014,8427474
Green Park,2014,39830418
Greenford,2014,4629465
Gunnersbury,2014,5411649
Hainault,2014,3481574
Hammersmith (Dis),2014,29261687
Hammersmith (H&C),2014,9719084
Hampstead,2014,4364454
Hanger Lane,2014,3843017
Harlesden,2014,2773017
Harrow & Wealdstone,2014,4512161
Harrow-on-the-Hill,2014,9868855
Hatton Cross,2014,3223047
Heathrow Terminal 4,2014,7655649
Heathrow Terminal 5,2014,2125674
Heathrow Terminals 123,2014,4222451
Hendon Central,2014,7404483
High Barnet,2014,3234777
High Street Kensington,2014,13784783
Highbury & Islington,2014,18283137
Highgate,2014,5042899
Hillingdon,2014,1798747
Holborn,2014,36315818
Holland Park,2014,3161254
Holloway Road,2014,6662884
Hornchurch,2014,2145267
Hounslow Central,2014,4009715
Hounslow East,2014,4666573
Hounslow West,2014,3610222
Hyde Park Corner,2014,5836879
Ickenham,2014,1155563
Kennington,2014,4958303
Kensal Green,2014,2279364
Kensington (Olympia),2014,1947507
Kentish Town,2014,7719158
Kenton,2014,1957589
Kew Gardens,2014,3561549
Kilburn,2014,7865471
Kilburn Park,2014,3381792
King's Cross St. Pancras,2014,91984534
Kingsbury,2014,4586917
Knightsbridge,2014,21471485
Ladbroke Grove,2014,6077566
Lambeth North,2014,3571716
Lancaster Gate,2014,6551701
Latimer Road,2014,2389740
Leicester Square,2014,43314547
Leyton,2014,14067249
Leytonstone,2014,11054539
Liverpool Street,2014,73661457
London Bridge,2014,74976665
Loughton,2014,3255416
Maida Vale,2014,3448597
Manor House,2014,9392025
Mansion House,2014,6195631
Marble Arch,2014,16106113
Marylebone,2014,13295479
Mile End,2014,15596293
Mill Hill East,2014,1286493
Moor Park,2014,886420
Moorgate,2014,25895151
Morden,2014,8617393
Mornington Crescent,2014,4756065
Neasden,2014,3413900
Newbury Park,2014,4619010
North Acton,2014,5678995
North Ealing,2014,894137
North Greenwich,2014,24272586
North Harrow,2014,1816014
North Wembley,2014,1660434
Northfields,2014,4210924
Northolt,2014,4992642
Northwick Park,2014,4440388
Northwood,2014,2462889
Northwood Hills,2014,1629043
Notting Hill Gate,2014,17400155
Oakwood,2014,2935164
Old Street,2014,23276520
Osterley,2014,2458246
Oval,2014,6397929
Oxford Circus,2014,98511630
Paddington,2014,49283385
Park Royal,2014,1976904
Parsons Green,2014,6799064
Perivale,2014,2337555
Piccadilly Circus,2014,42932327
Pimlico,2014,11419311
Pinner,2014,2837149
Plaistow,2014,6786121
Preston Road,2014,3474593
Putney Bridge,2014,5932349
Queen's Park,2014,5844120
Queensbury,2014,4195103
Queensway,2014,7588751
Ravenscourt Park,2014,2907957
Rayners Lane,2014,4371243
Redbridge,2014,2908558
Regent's Park,2014,3711179
Richmond,2014,8448615
Rickmansworth,2014,2419354
Roding Valley,2014,255057
Royal Oak,2014,2703935
Ruislip,2014,1895875
Ruislip Gardens,2014,1084140
Ruislip Manor,2014,1975295
Russell Square,2014,13076625
Seven Sisters,2014,15968957
Shepherd's Bush (Cen),2014,22869844
Shepherd's Bush (H&C),2014,3662770
Sloane Square,2014,16761977
Snaresbrook,2014,2781855
South Ealing,2014,3700360
South Harrow,2014,2503648
South Kensington,2014,36461844
South Kenton,2014,1102908
South Ruislip,2014,1760835
South Wimbledon,2014,4280132
South Woodford,2014,5031350
Southfields,2014,6134110
Southgate,2014,5633661
Southwark,2014,14145874
St. James's Park,2014,15730145
St. John's Wood,2014,7617570
St. Paul's,2014,17538974
Stamford Brook,2014,2672587
Stanmore,2014,3891298
Stepney Green,2014,5427571
Stockwell,2014,10520406
Stonebridge Park,2014,2610664
Stratford,2014,59308320
Sudbury Hill,2014,2211298
Sudbury Town,2014,2103309
Swiss Cottage,2014,7282024
Temple,2014,8135916
Theydon Bois,2014,849834
Tooting Bec,2014,7557957
Tooting Broadway,2014,15114746
Tottenham Court Road,2014,36762272
Tottenham Hale,2014,11911123
Totteridge & Whetstone,2014,2241508
Tower Hill,2014,26323869
Tufnell Park,2014,3939313
Turnham Green,2014,6459118
Turnpike Lane,2014,10768249
Upminster,2014,5156093
Upminster Bridge,2014,1142293
Upney,2014,2529793
Upton Park,2014,11414450
Uxbridge,2014,8074587
Vauxhall,2014,27509234
Victoria,2014,86730599
Walthamstow Central,2014,18052543
Wanstead,2014,3089871
Warren Street,2014,19405419
Warwick Avenue,2014,4508957
Waterloo,2014,91491846
Watford,2014,1756514
Wembley Central,2014,5524620
Wembley Park,2014,14108508
West Acton,2014,1665631
West Brompton,2014,4470979
West Finchley,2014,1536049
West Ham,2014,3508528
West Hampstead,2014,10590656
West Harrow,2014,1201513
West Kensington,2014,5135720
West Ruislip,2014,1558431
Westbourne Park,2014,3727735
Westminster,2014,26032437
White City,2014,7514462
Whitechapel,2014,12890831
Willesden Green,2014,8819034
Willesden Junction,2014,4503851
Wimbledon,2014,15298628
Wimbledon Park,2014,1807402
Wood Green,2014,13352231
Wood Lane,2014,3982886
Woodford,2014,5870341
Woodside Park,2014,2646926
Acton Town                         ,2013,5748994
Aldgate                            ,2013,6877712
Aldgate East                       ,2013,11663144
Alperton                           ,2013,2956888
Amersham                           ,2013,2041139
Angel                              ,2013,18930868
Archway                            ,2013,8169486
Arnos Grove                        ,2013,4479004
Arsenal                            ,2013,3091593
Baker Street                       ,2013,28097997
Balham                             ,2013,12051320
Bank & Monument                    ,2013,48884756
Barbican                           ,2013,10464425
Barking                            ,2013,15224058
Barkingside                        ,2013,1241272
Barons Court                       ,2013,7155458
Bayswater                          ,2013,5493688
Becontree                          ,2013,3039868
Belsize Park                       ,2013,5842725
Bermondsey                         ,2013,8639504
Bethnal Green                      ,2013,15272389
Blackfriars                        ,2013,12087967
Blackhorse Road                    ,2013,7898300
Bond Street                        ,2013,39648205
Borough                            ,2013,4887560
Boston Manor                       ,2013,2077572
Bounds Green                       ,2013,6161808
Bow Road                           ,2013,5601781
Brent Cross                        ,2013,2135435
Brixton                            ,2013,27221964
Bromley-by-Bow                     ,2013,3210211
Buckhurst Hill                     ,2013,1943928
Burnt Oak                          ,2013,3614445
Caledonian Road                    ,2013,5939278
Camden Town                        ,2013,22515351
Canada Water                       ,2013,11557722
Canary Wharf                       ,2013,50046631
Canning Town                       ,2013,9784093
Cannon Street                      ,2013,4644524
Canons Park                        ,2013,2378098
Chalfont & Latimer                 ,2013,1111515
Chalk Farm                         ,2013,5550362
Chancery Lane                      ,2013,16523655
Charing Cross                      ,2013,18634461
Chesham                            ,2013,689840
Chigwell                           ,2013,520702
Chiswick Park                      ,2013,2123339
Chorleywood                        ,2013,985762
Clapham Common                     ,2013,8938504
Clapham North                      ,2013,6169702
Clapham South                      ,2013,7584358
Cockfosters                        ,2013,1969644
Colindale                          ,2013,4536889
Colliers Wood                      ,2013,5786354
Covent Garden                      ,2013,21165350
Croxley                            ,2013,921058
Dagenham East                      ,2013,2418659
Dagenham Heathway                  ,2013,5156354
Debden                             ,2013,2298091
Dollis Hill                        ,2013,3231810
Ealing Broadway                    ,2013,16640278
Ealing Common                      ,2013,3340949
Earl's Court                       ,2013,21266746
East Acton                         ,2013,3881384
East Finchley                      ,2013,6558418
East Ham                           ,2013,13581725
East Putney                        ,2013,5652154
Eastcote                           ,2013,2628771
Edgware                            ,2013,4090187
Edgware Road (Bak)                 ,2013,0
Edgware Road (Cir)                 ,2013,8194415
Elephant & Castle                  ,2013,17674326
Elm Park                           ,2013,2628329
Embankment                         ,2013,20151962
Epping                             ,2013,3144293
Euston                             ,2013,38026531
Euston Square                      ,2013,12358617
Fairlop                            ,2013,966835
Farringdon                         ,2013,21764657
Finchley Central                   ,2013,5332385
Finchley Road                      ,2013,9898800
Finsbury Park                      ,2013,27072271
Fulham Broadway                    ,2013,9944627
Gants Hill                         ,2013,5986579
Gloucester Road                    ,2013,14912967
Golders Green                      ,2013,7397006
Goldhawk Road                      ,2013,1793796
Goodge Street                      ,2013,8229689
Grange Hill                        ,2013,562391
Great Portland Street              ,2013,7577960
Green Park                         ,2013,35459916
Greenford                          ,2013,4346343
Gunnersbury                        ,2013,4553739
Hainault                           ,2013,3146946
Hammersmith (Dis)                  ,2013,29286237
Hammersmith (H&C)                  ,2013,8957266
Hampstead                          ,2013,4285503
Hanger Lane                        ,2013,3629301
Harlesden                          ,2013,2603902
Harrow & Wealdstone                ,2013,4659489
Harrow-on-the-Hill                 ,2013,9205889
Hatton Cross                       ,2013,3076485
Heathrow Terminal 4                ,2013,2427793
Heathrow Terminal 5                ,2013,4047773
Heathrow Terminals 123             ,2013,8143722
Hendon Central                     ,2013,6843039
High Barnet                        ,2013,2796356
High Street Kensington             ,2013,13458770
Highbury & Islington               ,2013,18134071
Highgate                           ,2013,4637186
Hillingdon                         ,2013,1634164
Holborn                            ,2013,34022691
Holland Park                       ,2013,3393821
Holloway Road                      ,2013,7146236
Hornchurch                         ,2013,1988632
Hounslow Central                   ,2013,3929167
Hounslow East                      ,2013,4340980
Hounslow West                      ,2013,3337658
Hyde Park Corner                   ,2013,5802786
Ickenham                           ,2013,1073393
Kennington                         ,2013,4679885
Kensal Green                       ,2013,2562212
Kensington (Olympia)               ,2013,1876505
Kentish Town                       ,2013,6449580
Kenton                             ,2013,2017375
Kew Gardens                        ,2013,3522717
Kilburn                            ,2013,7790047
Kilburn Park                       ,2013,3480874
King's Cross St. Pancras           ,2013,84866823
Kingsbury                          ,2013,4117979
Knightsbridge                      ,2013,21469435
Ladbroke Grove                     ,2013,5665472
Lambeth North                      ,2013,3023974
Lancaster Gate                     ,2013,6794600
Latimer Road                       ,2013,2192582
Leicester Square                   ,2013,38596700
Leyton                             ,2013,13531459
Leytonstone                        ,2013,10379073
Liverpool Street                   ,2013,67893591
London Bridge                      ,2013,69884482
Loughton                           ,2013,3166344
Maida Vale                         ,2013,3347805
Manor House                        ,2013,9259062
Mansion House                      ,2013,5769586
Marble Arch                        ,2013,16361603
Marylebone                         ,2013,13398300
Mile End                           ,2013,14370438
Mill Hill East                     ,2013,1165330
Moor Park                          ,2013,824391
Moorgate                           ,2013,21381249
Morden                             ,2013,7696341
Mornington Crescent                ,2013,4651775
Neasden                            ,2013,3107451
Newbury Park                       ,2013,4395879
North Acton                        ,2013,5465012
North Ealing                       ,2013,860944
North Greenwich                    ,2013,22398063
North Harrow                       ,2013,1685908
North Wembley                      ,2013,1647314
Northfields                        ,2013,4102498
Northolt                           ,2013,4611479
Northwick Park                     ,2013,3946956
Northwood                          ,2013,2280491
Northwood Hills                    ,2013,1483623
Notting Hill Gate                  ,2013,17394388
Oakwood                            ,2013,2785115
Old Street                         ,2013,21855888
Osterley                           ,2013,2317893
Oval                               ,2013,5911952
Oxford Circus                      ,2013,85246928
Paddington                         ,2013,49710749
Park Royal                         ,2013,1643912
Parsons Green                      ,2013,6452463
Perivale                           ,2013,2243955
Piccadilly Circus                  ,2013,41703911
Pimlico                            ,2013,10212959
Pinner                             ,2013,2606534
Plaistow                           ,2013,6246718
Preston Road                       ,2013,3154183
Putney Bridge                      ,2013,5923504
Queen's Park                       ,2013,5578067
Queensbury                         ,2013,3853332
Queensway                          ,2013,8575808
Ravenscourt Park                   ,2013,2767420
Rayners Lane                       ,2013,4081729
Redbridge                          ,2013,2672035
Regent's Park                      ,2013,3794744
Richmond                           ,2013,7953442
Rickmansworth                      ,2013,2243984
Roding Valley                      ,2013,235697
Royal Oak                          ,2013,2431149
Ruislip                            ,2013,1713378
Ruislip Gardens                    ,2013,1003184
Ruislip Manor                      ,2013,1774400
Russell Square                     ,2013,12951499
Seven Sisters                      ,2013,14464440
Shepherd's Bush (Cen)              ,2013,22872181
Shepherd's Bush (H&C)              ,2013,3438569
Sloane Square                      ,2013,16560260
Snaresbrook                        ,2013,2588391
South Ealing                       ,2013,3476673
South Harrow                       ,2013,2287706
South Kensington                   ,2013,32751295
South Kenton                       ,2013,1022501
South Ruislip                      ,2013,1766082
South Wimbledon                    ,2013,3788099
South Woodford                     ,2013,4590459
Southfields                        ,2013,5789944
Southgate                          ,2013,5386357
Southwark                          ,2013,13457338
St. James's Park                   ,2013,14726104
St. John's Wood                    ,2013,7269493
St. Paul's                         ,2013,16439099
Stamford Brook                     ,2013,2664997
Stanmore                           ,2013,3542897
Stepney Green                      ,2013,5002409
Stockwell                          ,2013,9424813
Stonebridge Park                   ,2013,2544366
Stratford                          ,2013,54503326
Sudbury Hill                       ,2013,2007949
Sudbury Town                       ,2013,1979322
Swiss Cottage                      ,2013,7834077
Temple                             ,2013,7922122
Theydon Bois                       ,2013,823919
Tooting Bec                        ,2013,6901892
Tooting Broadway                   ,2013,13505007
Tottenham Court Road               ,2013,38063296
Tottenham Hale                     ,2013,10320809
Totteridge & Whetstone             ,2013,1950730
Tower Hill                         ,2013,23414868
Tufnell Park                       ,2013,3939656
Turnham Green                      ,2013,6195486
Turnpike Lane                      ,2013,10291376
Upminster                          ,2013,4959760
Upminster Bridge                   ,2013,1103760
Upney                              ,2013,2296702
Upton Park                         ,2013,10480206
Uxbridge                           ,2013,7587430
Vauxhall                           ,2013,25146161
Victoria                           ,2013,84582132
Walthamstow Central                ,2013,16681073
Wanstead                           ,2013,2732853
Warren Street                      ,2013,17596565
Warwick Avenue                     ,2013,4622339
Waterloo                           ,2013,89398131
Watford                            ,2013,1655119
Wembley Central                    ,2013,4592227
Wembley Park                       ,2013,11735107
West Acton                         ,2013,1692583
West Brompton                      ,2013,4610447
West Finchley                      ,2013,1370913
West Ham                           ,2013,3400895
West Hampstead                     ,2013,10159492
West Harrow                        ,2013,1130886
West Kensington                    ,2013,5040507
West Ruislip                       ,2013,1600225
Westbourne Park                    ,2013,3734232
Westminster                        ,2013,23501317
White City                         ,2013,7221772
Whitechapel                        ,2013,14448854
Willesden Green                    ,2013,8560802
Willesden Junction                 ,2013,4170593
Wimbledon                          ,2013,14195582
Wimbledon Park                     ,2013,2128289
Wood Green                         ,2013,12442500
Wood Lane                          ,2013,3444011
Woodford                           ,2013,5585475
Woodside Park                      ,2013,2633565
Acton Town                         ,2012,5584934
Aldgate                            ,2012,6647283
Aldgate East                       ,2012,10134021
Alperton                           ,2012,2893236
Amersham                           ,2012,2097954
Angel                              ,2012,18578717
Archway                            ,2012,8059174
Arnos Grove                        ,2012,4155802
Arsenal                            ,2012,3017544
Baker Street                       ,2012,27744272
Balham                             ,2012,11904117
Bank & Monument                    ,2012,47749950
Barbican                           ,2012,9850562
Barking                            ,2012,14514735
Barkingside                        ,2012,1118756
Barons Court                       ,2012,6809659
Bayswater                          ,2012,5541858
Becontree                          ,2012,2837652
Belsize Park                       ,2012,5806568
Bermondsey                         ,2012,7999518
Bethnal Green                      ,2012,15055906
Blackfriars                        ,2012,9282172
Blackhorse Road                    ,2012,7304059
Bond Street                        ,2012,38065150
Borough                            ,2012,4840588
Boston Manor                       ,2012,1951651
Bounds Green                       ,2012,5738629
Bow Road                           ,2012,5180394
Brent Cross                        ,2012,2125797
Brixton                            ,2012,24823616
Bromley-by-Bow                     ,2012,2628177
Buckhurst Hill                     ,2012,1910147
Burnt Oak                          ,2012,3623525
Caledonian Road                    ,2012,5250363
Camden Town                        ,2012,21614759
Canada Water                       ,2012,10724783
Canary Wharf                       ,2012,48043044
Canning Town                       ,2012,8737992
Cannon Street                      ,2012,4088480
Canons Park                        ,2012,1983360
Chalfont & Latimer                 ,2012,1267837
Chalk Farm                         ,2012,5340369
Chancery Lane                      ,2012,15898206
Charing Cross                      ,2012,18524648
Chesham                            ,2012,652941
Chigwell                           ,2012,486629
Chiswick Park                      ,2012,2096264
Chorleywood                        ,2012,1008639
Clapham Common                     ,2012,9214447
Clapham North                      ,2012,5822763
Clapham South                      ,2012,7797633
Cockfosters                        ,2012,1805737
Colindale                          ,2012,4270547
Colliers Wood                      ,2012,5681757
Covent Garden                      ,2012,21292698
Croxley                            ,2012,891178
Dagenham East                      ,2012,2288282
Dagenham Heathway                  ,2012,4912327
Debden                             ,2012,2198209
Dollis Hill                        ,2012,3181564
Ealing Broadway                    ,2012,16089675
Ealing Common                      ,2012,3235644
Earl's Court                       ,2012,21026733
East Acton                         ,2012,3473199
East Finchley                      ,2012,6304646
East Ham                           ,2012,13312177
East Putney                        ,2012,5331607
Eastcote                           ,2012,2517541
Edgware                            ,2012,4083055
Edgware Road (Bak)                 ,2012,4425113
Edgware Road (Cir)                 ,2012,6311978
Elephant & Castle                  ,2012,17959946
Elm Park                           ,2012,2493005
Embankment                         ,2012,19884719
Epping                             ,2012,3029117
Euston                             ,2012,37526909
Euston Square                      ,2012,11358790
Fairlop                            ,2012,906250
Farringdon                         ,2012,20402371
Finchley Central                   ,2012,5507100
Finchley Road                      ,2012,9366745
Finsbury Park                      ,2012,26036007
Fulham Broadway                    ,2012,9495761
Gants Hill                         ,2012,5594100
Gloucester Road                    ,2012,14193918
Golders Green                      ,2012,7635532
Goldhawk Road                      ,2012,1720631
Goodge Street                      ,2012,8613806
Grange Hill                        ,2012,538851
Great Portland Street              ,2012,7358443
Green Park                         ,2012,33987599
Greenford                          ,2012,4053459
Gunnersbury                        ,2012,4643672
Hainault                           ,2012,2861768
Hammersmith (Dis)                  ,2012,28647767
Hammersmith (H&C)                  ,2012,8637578
Hampstead                          ,2012,4377572
Hanger Lane                        ,2012,3453605
Harlesden                          ,2012,2425550
Harrow & Wealdstone                ,2012,4452893
Harrow-on-the-Hill                 ,2012,8847439
Hatton Cross                       ,2012,2959643
Heathrow Terminals 123             ,2012,7796187
Heathrow Terminal 4                ,2012,2436725
Heathrow Terminal 5                ,2012,3639976
Hendon Central                     ,2012,6825826
High Barnet                        ,2012,2876354
High Street Kensington             ,2012,12898984
Highbury & Islington               ,2012,16770439
Highgate                           ,2012,4759258
Hillingdon                         ,2012,1482669
Holborn                            ,2012,31506714
Holland Park                       ,2012,3318275
Holloway Road                      ,2012,7182872
Hornchurch                         ,2012,2001895
Hounslow Central                   ,2012,3782288
Hounslow East                      ,2012,4170686
Hounslow West                      ,2012,3241375
Hyde Park Corner                   ,2012,5785461
Ickenham                           ,2012,1055454
Kennington                         ,2012,4587700
Kensal Green                       ,2012,2540968
Kensington (Olympia)               ,2012,1795637
Kentish Town                       ,2012,7584083
Kenton                             ,2012,1972680
Kew Gardens                        ,2012,3239675
Kilburn                            ,2012,7686365
Kilburn Park                       ,2012,3450656
King's Cross St. Pancras           ,2012,80970688
Kingsbury                          ,2012,3734715
Knightsbridge                      ,2012,21566053
Ladbroke Grove                     ,2012,5299764
Lambeth North                      ,2012,3309893
Lancaster Gate                     ,2012,6698842
Latimer Road                       ,2012,1910797
Leicester Square                   ,2012,38512080
Leyton                             ,2012,12856223
Leytonstone                        ,2012,10102833
Liverpool Street                   ,2012,64234700
London Bridge                      ,2012,67155180
Loughton                           ,2012,3016770
Maida Vale                         ,2012,3150688
Manor House                        ,2012,9234179
Mansion House                      ,2012,5645557
Marble Arch                        ,2012,15685686
Marylebone                         ,2012,12111551
Mile End                           ,2012,14057083
Mill Hill East                     ,2012,1104434
Moor Park                          ,2012,814953
Moorgate                           ,2012,20594422
Morden                             ,2012,7276884
Mornington Crescent                ,2012,4550432
Neasden                            ,2012,2914263
Newbury Park                       ,2012,3929000
North Acton                        ,2012,5199834
North Ealing                       ,2012,898266
North Greenwich                    ,2012,24171152
North Harrow                       ,2012,1540858
North Wembley                      ,2012,1643799
Northfields                        ,2012,3976939
Northolt                           ,2012,4417710
Northwick Park                     ,2012,3790022
Northwood                          ,2012,2182311
Northwood Hills                    ,2012,1409847
Notting Hill Gate                  ,2012,17277512
Oakwood                            ,2012,2413451
Old Street                         ,2012,21880078
Osterley                           ,2012,2189757
Oval                               ,2012,6109161
Oxford Circus                      ,2012,80551504
Paddington                         ,2012,46325618
Park Royal                         ,2012,1575786
Parsons Green                      ,2012,6187009
Perivale                           ,2012,2164790
Piccadilly Circus                  ,2012,42357331
Pimlico                            ,2012,9907380
Pinner                             ,2012,2470413
Plaistow                           ,2012,6288553
Preston Road                       ,2012,2972873
Putney Bridge                      ,2012,5598383
Queen's Park                       ,2012,5409388
Queensbury                         ,2012,3372174
Queensway                          ,2012,8555667
Ravenscourt Park                   ,2012,2754691
Rayners Lane                       ,2012,3951952
Redbridge                          ,2012,2566293
Regent's Park                      ,2012,3779666
Richmond                           ,2012,7557331
Rickmansworth                      ,2012,2166361
Roding Valley                      ,2012,224256
Royal Oak                          ,2012,2220528
Ruislip                            ,2012,1619948
Ruislip Gardens                    ,2012,989402
Ruislip Manor                      ,2012,1691520
Russell Square                     ,2012,13436431
Seven Sisters                      ,2012,13251478
Shepherd's Bush (Cen)              ,2012,21896486
Shepherd's Bush (H&C)              ,2012,3257388
Sloane Square                      ,2012,16510040
Snaresbrook                        ,2012,2540095
South Ealing                       ,2012,3313275
South Harrow                       ,2012,2262264
South Kensington                   ,2012,32495510
South Kenton                       ,2012,970928
South Ruislip                      ,2012,1705535
South Wimbledon                    ,2012,3704405
South Woodford                     ,2012,4329645
Southfields                        ,2012,5576358
Southgate                          ,2012,4875798
Southwark                          ,2012,11977082
St. James's Park                   ,2012,14261759
St. John's Wood                    ,2012,7067985
St. Paul's                         ,2012,15048402
Stamford Brook                     ,2012,2628332
Stanmore                           ,2012,3364355
Stepney Green                      ,2012,4678837
Stockwell                          ,2012,8871894
Stonebridge Park                   ,2012,2482229
Stratford                          ,2012,50962909
Sudbury Hill                       ,2012,2032858
Sudbury Town                       ,2012,2009717
Swiss Cottage                      ,2012,7526301
Temple                             ,2012,7823576
Theydon Bois                       ,2012,746456
Tooting Bec                        ,2012,6859327
Tooting Broadway                   ,2012,13228547
Tottenham Court Road               ,2012,36013489
Tottenham Hale                     ,2012,9799795
Totteridge & Whetstone             ,2012,1918954
Tower Hill                         ,2012,22537607
Tufnell Park                       ,2012,3676520
Turnham Green                      ,2012,6029833
Turnpike Lane                      ,2012,9597394
Upminster                          ,2012,4731061
Upminster Bridge                   ,2012,1098183
Upney                              ,2012,2126671
Upton Park                         ,2012,10303814
Uxbridge                           ,2012,7176636
Vauxhall                           ,2012,22842369
Victoria                           ,2012,82955798
Walthamstow Central                ,2012,15089008
Wanstead                           ,2012,2560452
Warren Street                      ,2012,16513849
Warwick Avenue                     ,2012,4309332
Waterloo                           ,2012,88158546
Watford                            ,2012,1602068
Wembley Central                    ,2012,5175356
Wembley Park                       ,2012,10601914
West Acton                         ,2012,1579949
West Brompton                      ,2012,4537945
West Finchley                      ,2012,1365343
West Ham                           ,2012,3271149
West Hampstead                     ,2012,9713151
West Harrow                        ,2012,1103804
West Kensington                    ,2012,4948504
West Ruislip                       ,2012,1611784
Westbourne Park                    ,2012,3366135
Westminster                        ,2012,22085605
White City                         ,2012,7525342
Whitechapel                        ,2012,13038867
Willesden Green                    ,2012,8226925
Willesden Junction                 ,2012,3986948
Wimbledon                          ,2012,11953067
Wimbledon Park                     ,2012,2108810
Wood Green                         ,2012,11533740
Wood Lane                          ,2012,3651658
Woodford                           ,2012,4859871
Woodside Park                      ,2012,2660242
Acton Town                         ,2011,5462387
Aldgate                            ,2011,6235513
Aldgate East                       ,2011,9157483
Alperton                           ,2011,2945259
Amersham                           ,2011,2099560
Angel                              ,2011,17775047
Archway                            ,2011,8081810
Arnos Grove                        ,2011,4159371
Arsenal                            ,2011,3067815
Baker Street                       ,2011,27017574
Balham                             ,2011,11459978
Bank & Monument                    ,2011,47804941
Barbican                           ,2011,9228704
Barking                            ,2011,13955938
Barkingside                        ,2011,1156751
Barons Court                       ,2011,6535580
Bayswater                          ,2011,5100938
Becontree                          ,2011,2759530
Belsize Park                       ,2011,5747717
Bermondsey                         ,2011,7379858
Bethnal Green                      ,2011,15086509
Blackfriars                        ,2011,0
Blackhorse Road                    ,2011,6468586
Bond Street                        ,2011,36022087
Borough                            ,2011,4573373
Boston Manor                       ,2011,1887897
Bounds Green                       ,2011,5592642
Bow Road                           ,2011,5081976
Brent Cross                        ,2011,2209328
Brixton                            ,2011,22509606
Bromley-by-Bow                     ,2011,2750832
Buckhurst Hill                     ,2011,1849690
Burnt Oak                          ,2011,3787725
Caledonian Road                    ,2011,5273722
Camden Town                        ,2011,20985400
Canada Water                       ,2011,9906521
Canary Wharf                       ,2011,46590009
Canning Town                       ,2011,8710542
Cannon Street                      ,2011,4047494
Canons Park                        ,2011,1815525
Chalfont & Latimer                 ,2011,1188207
Chalk Farm                         ,2011,4937923
Chancery Lane                      ,2011,16035269
Charing Cross                      ,2011,19513237
Chesham                            ,2011,617120
Chigwell                           ,2011,459125
Chiswick Park                      ,2011,1969078
Chorleywood                        ,2011,906215
Clapham Common                     ,2011,9055568
Clapham North                      ,2011,5826772
Clapham South                      ,2011,7817425
Cockfosters                        ,2011,1721307
Colindale                          ,2011,4126576
Colliers Wood                      ,2011,5574812
Covent Garden                      ,2011,20279268
Croxley                            ,2011,818349
Dagenham East                      ,2011,2222392
Dagenham Heathway                  ,2011,4710937
Debden                             ,2011,2121108
Dollis Hill                        ,2011,3076494
Ealing Broadway                    ,2011,16091415
Ealing Common                      ,2011,3248444
Earl's Court                       ,2011,20965776
East Acton                         ,2011,3408355
East Finchley                      ,2011,6291627
East Ham                           ,2011,13365416
East Putney                        ,2011,4930995
Eastcote                           ,2011,2432119
Edgware                            ,2011,4372808
Edgware Road (Bak)                 ,2011,4062214
Edgware Road (Cir)                 ,2011,5937083
Elephant & Castle                  ,2011,17717370
Elm Park                           ,2011,2443469
Embankment                         ,2011,19789934
Epping                             ,2011,3095119
Euston                             ,2011,35324569
Euston Square                      ,2011,10885783
Fairlop                            ,2011,922346
Farringdon                         ,2011,19024321
Finchley Central                   ,2011,5494164
Finchley Road                      ,2011,8976869
Finsbury Park                      ,2011,24288678
Fulham Broadway                    ,2011,9562872
Gants Hill                         ,2011,5477918
Gloucester Road                    ,2011,14162419
Golders Green                      ,2011,7810571
Goldhawk Road                      ,2011,1604110
Goodge Street                      ,2011,10616578
Grange Hill                        ,2011,488191
Great Portland Street              ,2011,7166285
Green Park                         ,2011,31724096
Greenford                          ,2011,3947974
Gunnersbury                        ,2011,4393537
Hainault                           ,2011,2949499
Hammersmith (Dis)                  ,2011,28941207
Hammersmith (H&C)                  ,2011,8889270
Hampstead                          ,2011,4313065
Hanger Lane                        ,2011,3362341
Harlesden                          ,2011,2280123
Harrow & Wealdstone                ,2011,4468738
Harrow-on-the-Hill                 ,2011,8749578
Hatton Cross                       ,2011,2929341
Heathrow Terminals 123             ,2011,7720762
Heathrow Terminal 4                ,2011,2459358
Heathrow Terminal 5                ,2011,3211111
Hendon Central                     ,2011,7014001
High Barnet                        ,2011,3141483
High Street Kensington             ,2011,11994054
Highbury & Islington               ,2011,16258236
Highgate                           ,2011,4980182
Hillingdon                         ,2011,1400024
Holborn                            ,2011,31981518
Holland Park                       ,2011,3369348
Holloway Road                      ,2011,8049972
Hornchurch                         ,2011,1977139
Hounslow Central                   ,2011,3904224
Hounslow East                      ,2011,4269133
Hounslow West                      ,2011,3179685
Hyde Park Corner                   ,2011,6069371
Ickenham                           ,2011,982403
Kennington                         ,2011,4515496
Kensal Green                       ,2011,2319179
Kensington (Olympia)               ,2011,1737833
Kentish Town                       ,2011,7214610
Kenton                             ,2011,1942100
Kew Gardens                        ,2011,3131336
Kilburn                            ,2011,7521454
Kilburn Park                       ,2011,3455765
King's Cross St. Pancras           ,2011,77110350
Kingsbury                          ,2011,3442077
Knightsbridge                      ,2011,20699238
Ladbroke Grove                     ,2011,5089394
Lambeth North                      ,2011,3497701
Lancaster Gate                     ,2011,6677557
Latimer Road                       ,2011,1702701
Leicester Square                   ,2011,38779688
Leyton                             ,2011,13289406
Leytonstone                        ,2011,10452827
Liverpool Street                   ,2011,63645304
London Bridge                      ,2011,65444278
Loughton                           ,2011,2999623
Maida Vale                         ,2011,2993997
Manor House                        ,2011,9214029
Mansion House                      ,2011,7416215
Marble Arch                        ,2011,16873081
Marylebone                         ,2011,11401050
Mile End                           ,2011,14014809
Mill Hill East                     ,2011,1090284
Moor Park                          ,2011,824464
Moorgate                           ,2011,21227293
Morden                             ,2011,7195083
Mornington Crescent                ,2011,4302147
Neasden                            ,2011,2701449
Newbury Park                       ,2011,3918391
North Acton                        ,2011,4641664
North Ealing                       ,2011,936906
North Greenwich                    ,2011,15700824
North Harrow                       ,2011,1423481
North Wembley                      ,2011,1572627
Northfields                        ,2011,3789290
Northolt                           ,2011,4279014
Northwick Park                     ,2011,3577980
Northwood                          ,2011,1971642
Northwood Hills                    ,2011,1294249
Notting Hill Gate                  ,2011,17355461
Oakwood                            ,2011,2740918
Old Street                         ,2011,21039484
Osterley                           ,2011,2145820
Oval                               ,2011,5846190
Oxford Circus                      ,2011,77092776
Paddington                         ,2011,46478735
Park Royal                         ,2011,1583000
Parsons Green                      ,2011,5944855
Perivale                           ,2011,2080788
Piccadilly Circus                  ,2011,40583552
Pimlico                            ,2011,8788540
Pinner                             ,2011,2303547
Plaistow                           ,2011,6342063
Preston Road                       ,2011,2960512
Putney Bridge                      ,2011,5331762
Queen's Park                       ,2011,5529385
Queensbury                         ,2011,3175666
Queensway                          ,2011,8859128
Ravenscourt Park                   ,2011,2647871
Rayners Lane                       ,2011,3979751
Redbridge                          ,2011,2633085
Regent's Park                      ,2011,3777683
Richmond                           ,2011,7473874
Rickmansworth                      ,2011,2029002
Roding Valley                      ,2011,220319
Royal Oak                          ,2011,2045798
Ruislip                            ,2011,1573058
Ruislip Gardens                    ,2011,1002292
Ruislip Manor                      ,2011,1599750
Russell Square                     ,2011,14728330
Seven Sisters                      ,2011,12527651
Shepherd's Bush (Cen)              ,2011,21594508
Shepherd's Bush (H&C)              ,2011,2999644
Sloane Square                      ,2011,14940194
Snaresbrook                        ,2011,2597942
South Ealing                       ,2011,3324302
South Harrow                       ,2011,2279634
South Kensington                   ,2011,30608404
South Kenton                       ,2011,957880
South Ruislip                      ,2011,1756903
South Wimbledon                    ,2011,3750495
South Woodford                     ,2011,4394000
Southfields                        ,2011,5256987
Southgate                          ,2011,4912117
Southwark                          ,2011,11066974
St. James's Park                   ,2011,13496515
St. John's Wood                    ,2011,6741698
St. Paul's                         ,2011,17084479
Stamford Brook                     ,2011,2522560
Stanmore                           ,2011,3021276
Stepney Green                      ,2011,4377706
Stockwell                          ,2011,8331776
Stonebridge Park                   ,2011,2590700
Stratford                          ,2011,48571300
Sudbury Hill                       ,2011,2006325
Sudbury Town                       ,2011,2055910
Swiss Cottage                      ,2011,6906412
Temple                             ,2011,9991846
Theydon Bois                       ,2011,739823
Tooting Bec                        ,2011,6560405
Tooting Broadway                   ,2011,13039799
Tottenham Court Road               ,2011,23990548
Tottenham Hale                     ,2011,8858713
Totteridge & Whetstone             ,2011,1977578
Tower Hill                         ,2011,21580404
Tufnell Park                       ,2011,3545044
Turnham Green                      ,2011,5834401
Turnpike Lane                      ,2011,9800632
Upminster                          ,2011,4556074
Upminster Bridge                   ,2011,988524
Upney                              ,2011,2108190
Upton Park                         ,2011,11014585
Uxbridge                           ,2011,6910995
Vauxhall                           ,2011,20871679
Victoria                           ,2011,82245550
Walthamstow Central                ,2011,14316624
Wanstead                           ,2011,2571087
Warren Street                      ,2011,15691440
Warwick Avenue                     ,2011,4304437
Waterloo                           ,2011,84122881
Watford                            ,2011,1572122
Wembley Central                    ,2011,4562798
Wembley Park                       ,2011,9661884
West Acton                         ,2011,1617609
West Brompton                      ,2011,4245504
West Finchley                      ,2011,1374749
West Ham                           ,2011,3418641
West Hampstead                     ,2011,8234838
West Harrow                        ,2011,1075039
West Kensington                    ,2011,4636878
West Ruislip                       ,2011,1640785
Westbourne Park                    ,2011,3033426
Westminster                        ,2011,20776511
White City                         ,2011,7738266
Whitechapel                        ,2011,12622636
Willesden Green                    ,2011,7811402
Willesden Junction                 ,2011,3919012
Wimbledon                          ,2011,11748798
Wimbledon Park                     ,2011,1996939
Wood Green                         ,2011,11347719
Wood Lane                          ,2011,3437870
Woodford                           ,2011,4894656
Woodside Park                      ,2011,2685672
